<?xml version="1.0" encoding="UTF-8"?>
<beans xmlns="http://www.springframework.org/schema/beans"
    xmlns:xsi="http://www.w3.org/2001/XMLSchema-instance"
    xmlns:context="http://www.springframework.org/schema/context"
    xmlns:dubbo="http://code.alibabatech.com/schema/dubbo"
    xsi:schemaLocation="http://www.springframework.org/schema/beans http://www.springframework.org/schema/beans/spring-beans.xsd        
    http://www.springframework.org/schema/context http://www.springframework.org/schema/context/spring-context-3.0.xsd
    http://code.alibabatech.com/schema/dubbo http://code.alibabatech.com/schema/dubbo/dubbo.xsd">
	<dubbo:application name="arch_file-admin" />
	<!-- 多注册中心配置，竖号分隔表示同时连接多个不同注册中心，同一注册中心的多个集群地址用逗号分隔 
    <dubbo:registry address="10.20.141.150:9090|10.20.154.177:9010" />-->
	<dubbo:registry protocol="zookeeper" address="${zookeeper.address}" />
	<dubbo:consumer retries="0" timeout="120000" check="false"/>
    <dubbo:reference id="fileQryService"  interface="com.zallds.arch.file.client.service.IFileQryService"/>
	<dubbo:reference id="fileUploadService"  interface="com.zallds.arch.file.client.service.IFileUploadService"/>
	<dubbo:reference id="fileDLoadService"  interface="com.zallds.arch.file.client.service.IFileDownLoadService"/>
<!--     <dubbo:monitor protocol="registry"/> -->
</beans>