<?xml version="1.0" encoding="UTF-8"?>
<beans xmlns="http://www.springframework.org/schema/beans" 	xmlns:aop="http://www.springframework.org/schema/aop"
	xmlns:xsi="http://www.w3.org/2001/XMLSchema-instance" xmlns:security="http://www.springframework.org/schema/security"
	xmlns:context="http://www.springframework.org/schema/context"
	xmlns:mvc="http://www.springframework.org/schema/mvc"
	xsi:schemaLocation="http://www.springframework.org/schema/beans   
http://www.springframework.org/schema/beans/spring-beans-3.2.xsd   
http://www.springframework.org/schema/context   
http://www.springframework.org/schema/context/spring-context-3.2.xsd   
http://www.springframework.org/schema/security   
http://www.springframework.org/schema/security/spring-security-3.2.xsd
http://www.springframework.org/schema/mvc   
http://www.springframework.org/schema/mvc/spring-mvc-3.2.xsd
http://www.springframework.org/schema/aop 
http://www.springframework.org/schema/aop/spring-aop-3.2.xsd">
	<!-- ①：对web包中的所有类进行扫描，以完成Bean创建和自动依赖注入的功能 -->
	<context:component-scan
		base-package="com.zallds.arch.file.admin.controller
		com.zallds.architecture.portal.controller
		com.zallds.architecture.healthcheck"/>
	<mvc:annotation-driven>
        <!--BootStrapArgumentsResolverr-->
        <mvc:argument-resolvers>
            <bean class="com.zallds.arch.file.admin.base.annotatio.resolver.BootStrapArgumentsResolver"/>
        </mvc:argument-resolvers>
   </mvc:annotation-driven>
	<!-- ②：启动Spring MVC的注解功能，完成请求和注解POJO的映射 -->
	<bean class="org.springframework.web.servlet.mvc.annotation.AnnotationMethodHandlerAdapter" />
	<bean class="org.springframework.web.servlet.mvc.annotation.DefaultAnnotationHandlerMapping" />
	<bean id="viewResolver" class="org.springframework.web.servlet.view.InternalResourceViewResolver">
		<property name="prefix" value="/jsp/" />
		<property name="suffix" value=".jsp" />
	</bean>
	  <!-- 支持上传文件 -->  
    <bean id="multipartResolver" class="org.springframework.web.multipart.commons.CommonsMultipartResolver">  
        <property name="defaultEncoding" value="utf-8"></property>   
        <property name="maxUploadSize" value="10485760000"></property>  
        <property name="maxInMemorySize" value="40960"></property>  
    </bean>
</beans>
