<?xml version="1.0" encoding="UTF-8"?>
<beans xmlns="http://www.springframework.org/schema/beans"
	xmlns:xsi="http://www.w3.org/2001/XMLSchema-instance" xmlns:p="http://www.springframework.org/schema/p"
	xmlns:aop="http://www.springframework.org/schema/aop" xmlns:context="http://www.springframework.org/schema/context"
	xsi:schemaLocation="
        http://www.springframework.org/schema/beans 
        http://www.springframework.org/schema/beans/spring-beans-3.2.xsd
        http://www.springframework.org/schema/aop 
        http://www.springframework.org/schema/aop/spring-aop-3.2.xsd
        http://www.springframework.org/schema/context 
        http://www.springframework.org/schema/context/spring-context-3.2.xsd"
	default-autowire="byName">
	 <bean id="propertyConfigurer"
		class="com.zallds.architecture.config.ZalldsGlobalPropertyConfigurer">
		<property name="locations">
			<list>
				<value>file_center_master.properties</value>
				<value>redis.properties</value>
				<value>zookeeper.properties</value>
				<value>fdfs_client.properties</value>
				<value>system.properties</value>
			</list>
		</property>
		<property name="poolId">
			<value>arch/file-admin</value>
		</property>
		<property name="order" value="1" />   
    	<property name="ignoreUnresolvablePlaceholders" value="true" />  
	</bean>
	<bean id="file_center_master" class="com.zallds.architecture.config.ZalldsDataSource" destroy-method="close">
	</bean>
    <!--单点登录dao-->
    <bean id="archFileAdminSqlSessionFactory" class="org.mybatis.spring.SqlSessionFactoryBean">    
        <property name="configLocation" value="classpath:mybatis/mybatis-config.xml" />
		<property name="mapperLocations" value="classpath*:mybatis/file/mybatis-*.xml" />    
		<property name="dataSource" ref="file_center_master" />         
	</bean>         
 	<bean id="archFileAdminSqlSession" class="org.mybatis.spring.SqlSessionTemplate" scope="prototype">         
 		<constructor-arg index="0" ref="archFileAdminSqlSessionFactory" />   
 	</bean>  
 	<bean id="fileDao" class="com.zallds.arch.file.admin.dao.impl.fileDaoImpl">      
		<property name="sqlSessionTemplate" ref="archFileAdminSqlSession" />      
 	</bean> 
</beans>
