<?xml version="1.0" encoding="UTF-8"?>
<beans xmlns="http://www.springframework.org/schema/beans"
	xmlns:xsi="http://www.w3.org/2001/XMLSchema-instance" xmlns:p="http://www.springframework.org/schema/p"
	xmlns:aop="http://www.springframework.org/schema/aop" xmlns:context="http://www.springframework.org/schema/context"
	xsi:schemaLocation="
        http://www.springframework.org/schema/beans 
        http://www.springframework.org/schema/beans/spring-beans-3.2.xsd
        http://www.springframework.org/schema/aop 
        http://www.springframework.org/schema/aop/spring-aop-3.2.xsd
        http://www.springframework.org/schema/context 
        http://www.springframework.org/schema/context/spring-context-3.2.xsd"
	default-autowire="byName">
	 <bean id="loginCheckFilter" class="com.zallds.architecture.portal.filter.LoginCheckFilter">  
       <property name="unlimitedUrls">  
            <list>  
                <value>/getCheckInfo.do</value>  
                <value>/appInfo/qryAppRoles.do</value>  
                <value>/appInfo/qryRoleModules.do</value>  
                <value>/appInfo/qryAppSelfModules.do</value>  
            </list>  
        </property>  
         <property name="defaultUrl" value="${defaultUrl}">  
        </property>  
    </bean>
  <bean id="sessionWrapperFilter" class="com.zallds.architecture.portal.filter.RedisSessionFilter">  
        <property name="redisClient" ref="redis3Client"/>  
    </bean>
    	<bean id="redis3Client" class="com.zallds.architecture.cache.redis3.RedisClient" init-method="init">
		<property name="servers">
            <value>${arch.redis.servers}</value>
        </property>
        <property name="poolMax">
            <value>${arch.redis.poolMax}</value>
        </property>
        <property name="maxSize">
            <value>${arch.redis.maxSize}</value>
        </property>
         <property name="version">
            <value>${arch.redis.version}</value>
        </property>
<!--          为可选项，不引用则key前缀名为空 -->
<!--          <property name="zcc" ref="propertyConfigurer"></property> -->
	</bean>  
    <bean id="applicationInfoQryService" class="com.zallds.arch.file.admin.service.impl.ApplicationInfoQryServiceImpl">  
    </bean>
</beans>
