<?xml version="1.0" encoding="UTF-8" ?>  
<!DOCTYPE mapper  
  PUBLIC "-//mybatis.org//DTD Mapper 3.0//EN"  
  "http://mybatis.org/dtd/mybatis-3-mapper.dtd">  
<mapper namespace="com.zallds.architecture.config.server">  

	<select id="authUser"  parameterType="Map" resultType="int">
		SELECT count(1) from config_user where username = #{username} and password = #{password}
	</select> 
	<select id="findUserAuthorities" parameterType="String" resultType="String">
		select ra.authname from config_role_auth ra,config_user_role ur
		where ra.rolename = ur.rolename and ur.username = #{username}
	</select>
	
	<select id="getPoolSize" resultType="int">
		select count(1) from config_pool
	</select>
	
	<select id="getPools" parameterType="Map"  resultType="Map">
		select id,pool from config_pool order by pool limit #{start},#{rows} 
	</select>
	
	<insert id="addPool" parameterType="String">
		insert into config_pool(pool,status) values(#{poolName},1)
	</insert>
	<delete id="delPool" parameterType="int">
		delete from config_pool where id =#{id}
	</delete> 
	
	<select id="getGroupSize" parameterType="Map" resultType="int">
		select count(1) from config_group where pool =#{pool} and env = #{env}
	</select>
	
	<select id="getGroups" parameterType="Map" resultType="Map">
		select id,pool,`group` from config_group where pool =#{pool} and env = #{env} limit #{start},#{rows}
	</select>
	
	<select id="getAllGroupSize" parameterType="Map" resultType="int">
		select count(1) from config_group where pool =#{pool} 
	</select>
	
	<select id="getAllGroups" parameterType="Map" resultType="Map">
		select id,pool,env,`group` from config_group where pool =#{pool} limit #{start},#{rows}
	</select>
	
	
	<insert id="addGroup" parameterType="Map">
		insert into config_group(pool,env,`group`) values(#{pool},#{env},#{group})
	</insert>
	
	<delete id="delGroup" parameterType="int">
		delete from config_group where id =#{id}
	</delete>
	
	<select id="getUserSize" resultType="int" parameterType="Map">
		select count(1) from config_user where 1 = 1  
	    <if test="filter != null">  
	        and username = #{filter}  
	    </if>  
	</select>
	
	<select id="getUsers" parameterType="Map" resultType="Map">
		select id,username from config_user where 1 = 1  
	    <if test="filter != null">  
	        and username = #{filter}  
	    </if>  
	    limit #{start},#{rows}
	</select>
	
	<insert id="addUser" parameterType="Map">
		insert into config_user(username,`password`) values(#{username},#{password})
	</insert>
	
	<delete id="delUser" parameterType="int">
		delete from config_user where id =#{id}
	</delete>
	
	<select id="getAllRoles" resultType="Map">
		select rolename id,rolename name from config_role_auth group by rolename
	</select>
	
	
	<select id="getUserRoleSize" resultType="int" parameterType="Map">
		select count(1) from config_user_role where 1 = 1  
	    <if test="filterUser != null">  
	        and username = #{filterUser}  
	    </if>  
	    <if test="filterRole != null">  
	        and rolename = #{filterRole}  
	    </if>  
	</select>
	
	<select id="getUserRoles" parameterType="Map" resultType="Map">
		select id,username,rolename from  config_user_role where 1 = 1  
	    <if test="filterUser != null">  
	        and username = #{filterUser}  
	    </if>  
	    <if test="filterRole != null">  
	        and rolename = #{filterRole}  
	    </if>  
	    limit #{start},#{rows}
	</select>
	
	<insert id="addUserRole" parameterType="Map" >
		insert into config_user_role(username,rolename) values(#{username},#{rolename})
	</insert>
	
	<delete id="delUserRole" parameterType="int">
		delete from config_user_role where id =#{id}
	</delete>
	
	<select id="getAllAuths" resultType="Map">
		select authname id,authname name from config_auth
	</select>
	
	<select id="getRoleAuthSize" resultType="int" parameterType="Map" >
		select count(1) from config_role_auth where 1 = 1  
	    <if test="filterRole != null">  
	        and rolename = #{filterRole}  
	    </if>  
	    <if test="filterAuth != null">  
	        and authname = #{filterAuth}  
	    </if>  
	</select>
	
	<select id="getAuthsByRole" parameterType="String" resultType="String">
		select authname from config_role_auth <where>rolename = #{filterRole}</where>
	</select>
	
	<select id="getRoleAuths" parameterType="Map" resultType="Map">
		select id,rolename,authname from config_role_auth where 1 = 1  
	    <if test="filterRole != null">  
	        and rolename = #{filterRole}  
	    </if>  
	    <if test="filterAuth != null">  
	        and authname = #{filterAuth}  
	    </if>  
	    limit #{start},#{rows}
	</select>
	
	<insert id="addRoleAuth" parameterType="Map" >
		insert into config_role_auth(rolename,authname) values(#{rolename},#{authname})
	</insert>
	
	<delete id="delRoleAuth" parameterType="int" >
		delete from config_role_auth where id =#{id}
	</delete>
	
	<select id="getAllPools" resultType="Map">
		select pool id,pool name from config_pool where status = 1 order by pool
	</select>
	
	<select id="getUserPoolSize" parameterType="string" resultType="int">
		select count(1) from config_user_pool where username = #{username}
	</select>
	
	<select id="getUserPools" parameterType="Map" resultType="Map">
		select id,username,pool from config_user_pool where username = #{username} order by pool limit #{start},#{rows}
	</select>

	<select id="getAllUserPoolSize"  resultType="int" parameterType="Map" >
		select count(1) from config_user_pool where 1 = 1  
	    <if test="filterUser != null">  
	        and username = #{filterUser}  
	    </if>  
	    <if test="filterPool != null">  
	        and pool = #{filterPool}  
	    </if>  
	</select>
	
	<select id="getAllUserPools" parameterType="Map" resultType="Map">
		select id,username,pool from config_user_pool where 1 = 1  
	    <if test="filterUser != null">  
	        and username = #{filterUser}  
	    </if>  
	    <if test="filterPool != null">  
	        and pool = #{filterPool}  
	    </if>  
	    limit #{start},#{rows}
	</select>
		
	<select id="getDbSize" resultType="int">
		select count(1) from config_db where dbid = 0
	</select>
	<select id="getDbs" resultType="Map">
		select id,dbname,dbalias from config_db where dbid = 0
	</select>
	
	<select id="getDbsWithEnv" parameterType="Map" resultType="Map">
		select id,dbname name,dbalias from config_db where dbid = 0
	</select>
	
	
	<insert id="addDb" parameterType="Map" >
		insert into config_db(dbid,dbname,dbalias) values(0,#{dbname},#{dbalias})
	</insert>
	
	<delete id="delDb" parameterType="int" >
		delete from config_db where id = #{id}
	</delete>
	
	<select id="getDbInstanceSize" parameterType="int"  resultType="int">
		select count(1) from config_db where dbid = #{dbid}
	</select>
	<select id="getDbInstances" parameterType="Map" resultType="Map">
		select id,dbname,dbalias,server,port,`user`,`password`,env,master from config_db where dbid = #{dbid} limit #{start},#{rows}
	</select>
	
	<select id="getDbInsts" parameterType="Map" resultType="Map" >
		select id,dbname,dbalias,server,port,`user`,`password`,env,master from config_db where dbid = #{dbid} and env = #{env} limit #{start},#{rows}
	</select>
	
	<select id="getDbInstsByName" parameterType="Map" resultType="Map" >
		select id,dbname,dbalias,server,port,`user`,`password`,env,master from config_db where dbname = #{dbname} and env = #{env} and dbid >0
	</select>
	
	
	<insert id="addDbInstance" parameterType="Map" >
		insert into config_db(dbid,dbname,dbalias,server,port,env,master,`user`,`password`) 
		values(#{dbid},#{dbname},#{dbalias},#{server},#{port},#{env},#{master},#{user},#{password})
	</insert>
	
	<select id="getDbById"  parameterType="int" resultType="Map">
		select id,dbname,dbalias,server,port,`user`,`password`,env,master from config_db where id = #{dbid}
	</select>
	<select id="getDbInstByName" parameterType="Map" resultType="Map">
		select id,dbname,dbalias,dbid,server,port,`user`,`password`,env,master from config_db where dbname = #{dbname} and master = #{master} and env = #{env} limit 0,1
	</select>
	<delete id="delDbInstance" parameterType="Map" >
		delete from config_db where id = #{id} and dbid=#{dbid}
	</delete>
	
	<delete id="delDbInstanceWithDbId" parameterType="int">
		delete from config_db where dbid = #{dbid}
	</delete>
	
	<select id ="getDbKvSize" resultType="int">
		select count(1) from config_db_kv
	</select>
	
	<select id="getDbKvs" parameterType="Map"  resultType="Map">
		select id,`key`,value,env from config_db_kv limit #{start},#{rows}
	</select>
	
	<select id="getDbParams" parameterType="Map"  resultType="Map">
		select `key` id,`key` name,value from config_db_kv where env = #{env} limit #{start},#{rows}
	</select>
	
	<insert id="addDbKv" parameterType="Map" >
		insert into config_db_kv(`key`,value,env) 
		values(#{key},#{value},#{env})
	</insert>
	
	<delete id="delDbKv" parameterType="int" >
		delete from config_db_kv where id = #{id} 
	</delete>
	
	<select id ="getModelKvSize" resultType="int">
		select count(1) from config_model_kv
	</select>
	
	<select id="getModelKvs" parameterType="Map"  resultType="Map">
		select id,`key`,value,env,type,`group` from config_model_kv where 1=1
		<if test="type != null">and type = #{type}</if>
		<if test="env != null">and env = #{env}</if>
		limit #{start},#{rows}
	</select>
	
	<insert id="addModelKv" parameterType="Map" >
		insert into config_model_kv(`key`,value,env,type,`group`) 
		values(#{key},#{value},#{env},#{type},#{group})
	</insert>
	
	<delete id="delModelKv" parameterType="int" >
		delete from config_model_kv where id = #{id} 
	</delete>
	
	<select id="countData" parameterType="Map" resultType="int">
		select count(1) from config_info where data = #{data} and pool = #{pool} and `group` = #{group} and env = #{env}
	</select>
	
	<insert id="addData" parameterType="Map">
		insert into config_info(pool,`group`,data,content,md5,env,status,filetype,submitby,approvedby,publishedby,createtime)
		values(#{pool},#{group},#{data},#{content},#{md5},#{env},#{status},#{filetype},#{submitby},#{approvedby},#{publishedby},now())
	</insert>
	<insert id="moveDataToHis" parameterType="Map">
		insert into config_info_his(pool,`group`,data,content,md5,env,status,filetype,submitby,approvedby,publishedby,createtime)
		select pool,`group`,data,content,md5,env,status,filetype,submitby,approvedby,publishedby,createtime from 
		config_info where data = #{data} and pool = #{pool} and `group`=#{group} and env = #{env}
	</insert>
	
	<insert id="moveDatasToHis" parameterType="Map">
		insert into config_info_his(pool,`group`,data,content,md5,env,status,filetype,submitby,approvedby,publishedby,createtime)
		select pool,`group`,data,content,md5,env,status,filetype,submitby,approvedby,publishedby,createtime from 
		config_info where pool = #{pool} and `group`=#{group} and env = #{env} and status = #{status} 
	</insert>
	
	<insert id="copyConfigs" parameterType="Map">
		insert into config_info(pool,`group`,data,content,md5,env,status,filetype,submitby,approvedby,publishedby,createtime)
		select pool,#{tgroup},data,content,md5,#{tenv},status,filetype,submitby,approvedby,publishedby,createtime from 
		config_info where pool = #{pool} and `group`=#{fgroup} and env = #{fenv} and status = #{status} 
	</insert>
	
	
	<insert id="submitFromIds" parameterType="Map">
		insert into config_info(pool,`group`,data,content,md5,env,status,filetype,submitby,approvedby,publishedby,createtime)
		select pool,`group`,data,content,md5,'product','submit',filetype,#{submitby},'','',now() from 
		config_info where pool = #{pool} and `group`=#{group} and id in  
		 <foreach item="item" index="index" collection="ids" open="(" separator="," close=")">  
		  #{item}  
		 </foreach>  
	</insert>
	
	<update id="submitConfigForApprove" parameterType="Map">
		update config_info set approvedby = #{approvedby} where pool = #{pool} and `group`=#{group} and env = 'product' and status = 'submit'
	</update>
	
	<update id="cancelSubmit" parameterType="Map">
		update config_info set approvedby = '' where pool = #{pool} and `group`=#{group} and env = 'product' and status = 'submit'
	</update>
	
	<update id="approveConfig" parameterType="Map">
		update config_info set publishedby = #{username},status ='approved' where pool = #{pool} and `group`=#{group} 
			and env = 'product' and status = 'submit' and approvedby = #{username}
	</update>
	<update id="unapproveConfig" parameterType="Map">
		update config_info set approvedby = '' where pool = #{pool} and `group`=#{group} 
			and env = 'product' and status = 'submit' and approvedby = #{username}
	</update>
	<update id="publishConfig" parameterType="Map">
		update config_info set status = 'published' where pool = #{pool} and `group`=#{group} 
			and env = 'product' and status = 'approved' and publishedby = #{username}
	</update>
	
	<delete id="deleteOldConfigs" parameterType="Map">
		delete from config_info where pool = #{pool} and `group`=#{group} 
			and env = #{env} and status = 'published' 
	</delete>
	
	<delete id="deleteOldPublishConfig" parameterType="Map">
		delete from config_info where pool = #{pool} and `group`=#{group} 
			and env = 'product' and status = 'published' 
	</delete>
	
	<update id="returnedConfig" parameterType="Map">
		update config_info set publishedby = '',status = 'submit' where pool = #{pool} and `group`=#{group} 
			and env = 'product' and status = 'approved' and publishedby = #{username}
	</update>
	<update id="updateData"  parameterType="Map">
		update config_info 
		<set>  
	        <if test="content != null and content != '' ">  
	            content = #{content},createtime = now()
	        </if>  
	        <if test="md5 != null and md5 != '' ">  
	            ,md5 = #{md5}  
	        </if>  
	        <if test="status != null and status != '' ">  
	            ,status = #{status}  
	        </if>  
	         <if test="submitby != null ">  
	            ,submitby = #{submitby}  
	        </if>  
	         <if test="approvedby != null  ">  
	            ,approvedby = #{approvedby}  
	        </if>  
	         <if test="publishedby != null ">  
	            ,publishedby = #{publishedby}  
	        </if>  
		</set>
		where data = #{data} and pool = #{pool} and `group`=#{group} and  env = #{env}
			<if test="status != null and status != '' "> and  status = #{status}</if>
	</update>
	
	<select id="getConfigSize" parameterType="Map" resultType="int">
		select count(1) from config_info where pool = #{pool} and `group` = #{group} and env = #{env} and status = #{status}
	</select>
	
	<select id="getConfigs" parameterType="Map" resultType="Map">
		select id,pool,`group`,data,filetype,createtime,md5,submitby,approvedby,publishedby from config_info where pool = #{pool} and `group` = #{group} and env = #{env} and status = #{status} limit #{start},#{rows}
	</select>
	
	<select id="getAllConfigs" parameterType="Map" resultType="Map">
		select id,pool,`group`,data,content,env,filetype,createtime from config_info where pool = #{pool} and `group` = #{group} and env = #{env} and status = #{status}
	</select>
	<select id="getHisConfig" parameterType="Map" resultType="Map">
		select id,pool,`group`,data,content,env,filetype,createtime,submitby,approvedby,publishedby from config_info_his where data = #{data} and  pool = #{pool} and `group` = #{group} and env = #{env} order by createtime desc limit 0,20
	</select>
	<select id="getSingleConfig" parameterType="Map" resultType="Map">
		select id,pool,`group`,data,content,env,md5,filetype,createtime from config_info where data = #{data} and  pool = #{pool} and `group` = #{group} and env = #{env} and status = #{status}
	</select>
	<select id="getConfigById" parameterType="int" resultType="Map">
		select id,pool,`group`,data,content,env,md5,filetype,status,submitby,approvedby,publishedby,createtime from config_info where id = #{id}
	</select>
	<select id="getHisConfigById" parameterType="int" resultType="Map">
		select id,pool,`group`,data,content,env,md5,filetype,status,submitby,approvedby,publishedby,createtime from config_info_his where id = #{id}
	</select>
	
	<delete id="delConfig" parameterType="int">
		delete from config_info where id = #{id}
	</delete>
	
	<insert id="insertTempFile" parameterType="com.zallds.architecture.config.server.model.TempFile" useGeneratedKeys="true" keyProperty="id">
		insert into config_temp_file(filename,data,filetype,createtime) values(#{filename},#{data},#{filetype},now())
	</insert>
	<select id="getTempFile" parameterType="int" resultType="com.zallds.architecture.config.server.model.TempFile">
		select id,filename,data,filetype,createtime from config_temp_file where id = #{fileid}
	</select>
	
	<insert id="addUserPool" parameterType="map">
		insert into config_user_pool(username,pool) values(#{username},#{pool})
	</insert>
	<delete id="delUserPool" parameterType="int">
		delete from config_user_pool where id = #{id}
	</delete>
	
	
	<select id="getVersion" parameterType="map" resultType="String">
		select version from config_version where pool = #{pool} and `group` = #{group} and env = #{env}
	</select>
	
	<insert id="addVersion" parameterType="map" >
		insert into config_version(pool,`group`,env,version) values(#{pool},#{group},#{env},#{version}) 
	</insert>
	<update id="updateVersion" parameterType="map" >
		update config_version set version = #{version} where pool = #{pool} and `group` = #{group} and env = #{env}
	</update>
	
</mapper>