<?xml version="1.0" encoding="UTF-8"?>
<beans xmlns="http://www.springframework.org/schema/beans"
	xmlns:xsi="http://www.w3.org/2001/XMLSchema-instance" xmlns:p="http://www.springframework.org/schema/p"
	xmlns:aop="http://www.springframework.org/schema/aop" xmlns:context="http://www.springframework.org/schema/context"
	xsi:schemaLocation="
        http://www.springframework.org/schema/beans 
        http://www.springframework.org/schema/beans/spring-beans-3.2.xsd
        http://www.springframework.org/schema/aop 
        http://www.springframework.org/schema/aop/spring-aop-3.2.xsd
        http://www.springframework.org/schema/context 
        http://www.springframework.org/schema/context/spring-context-3.2.xsd"
	default-autowire="byName">

	<bean class="org.springframework.beans.factory.config.CustomEditorConfigurer">
        <property name="propertyEditorRegistrars">
            <list>
                <ref bean="datePropertyEditorRegistrar"/>
            </list>
        </property>
    </bean>
    
    <bean id="datePropertyEditorRegistrar" class="com.zallds.architecture.config.property.ZalldsPropertyEditorRegistrar">
        <property name="integerPropertyEditor">
            <ref bean="zaldsIntegerEditorConfigurer" />
        </property>
        <property name="booleanPropertyEditor">
            <ref bean="zaldsBooleanEditorConfigurer" />
        </property>
        <property name="stringPropertyEditor">
            <ref bean="zaldsStringEditorConfigurer" />
        </property>
        <property name="longPropertyEditor">
            <ref bean="zaldsLongEditorConfigurer" />
        </property>
        <property name="floatPropertyEditor">
            <ref bean="zaldsFloatEditorConfigurer" />
        </property>
        <property name="doublePropertyEditor">
            <ref bean="zaldsDoubleEditorConfigurer" />
        </property>
    </bean>
    
    <bean id="zaldsIntegerEditorConfigurer" class="com.zallds.architecture.config.property.ZalldsIntegerPropertyEditor"> </bean>
	<bean id="zaldsBooleanEditorConfigurer" class="com.zallds.architecture.config.property.ZalldsBooleanPropertyEditor"></bean>
    <bean id="zaldsStringEditorConfigurer" class="com.zallds.architecture.config.property.ZalldsStringPropertyEditor"></bean>
    <bean id="zaldsLongEditorConfigurer" class="com.zallds.architecture.config.property.ZalldsLongPropertyEditor"></bean>
    <bean id="zaldsFloatEditorConfigurer" class="com.zallds.architecture.config.property.ZalldsFloatPropertyEditor"></bean>
    <bean id="zaldsDoubleEditorConfigurer" class="com.zallds.architecture.config.property.ZalldsDoublePropertyEditor"></bean>
	
</beans>
