<?xml version="1.0" encoding="UTF-8" ?>
<!DOCTYPE mapper PUBLIC "-//mybatis.org//DTD Mapper 3.0//EN" "http://mybatis.org/dtd/mybatis-3-mapper.dtd">
<mapper namespace="fileSize">
 <resultMap id="fileSizeMap" type="FileSizeVo">
		<result property="id" column="id" />
		<result property="code" column="code" />
		<result property="name" column="name" />
		<result property="appCode" column="app_code" />
		<result property="size" column="size" />
		<result property="createId" column="create_id" />
		<result property="updateId" column="update_id" />
		<result property="isDeleted" column="is_deleted" />
		<result property="createTime" column="create_time" />
		<result property="updateTime" column="update_time" />
	</resultMap>
	<select id="qryAllFileSizes" parameterType="FileSizeVo" resultMap="fileSizeMap">
	select id,code,app_code,name,size from file_size where is_deleted=0  
	<if test="code!=null">
	and (code like concat('%',#{code},'%') or app_code like concat('%',#{code},'%'))
	</if>
	 order by code
	</select>
	<select id="qryAllFileSizesCount" parameterType="FileSizeVo" resultType="int">
     select count(*) from file_size where is_deleted=0  
	<if test="code!=null">
    and (code like concat('%',#{code},'%') or app_code like concat('%',#{code},'%'))
	</if>
	</select>
	<insert id="addFileSize" parameterType="FileSizeVo">
	insert into file_size(code,name,app_code,is_deleted,create_id,create_time,size) values(#{code},#{name},#{appCode},0,#{createId},now(),#{size});
	</insert>
	<update id="updateFileSizeById" parameterType="FileSizeVo">
   update file_size set app_code=#{appCode},name=#{name},code=#{code},update_id=#{updateId},update_time=now(),size=#{size} where is_deleted=0 and id=#{id}
   </update>
   	<update id="deleteFileSizeById" parameterType="FileGroupVo">
    update file_size set is_deleted=1,update_id=#{updateId},update_time=now() where is_deleted=0 and id=#{id}   
    </update>
    <select id="getFileSizesByAppCode" parameterType="java.lang.String" resultMap="fileSizeMap">
    select name,code,size from file_size where app_code=#{appCode} and is_deleted=0
	</select>
</mapper>