<?xml version="1.0" encoding="UTF-8" ?>
<!DOCTYPE mapper PUBLIC "-//mybatis.org//DTD Mapper 3.0//EN" "http://mybatis.org/dtd/mybatis-3-mapper.dtd">
<mapper namespace="file">
 <resultMap id="fileInfoMap" type="FileInfoVo">
		<result property="id" column="id" />
		<result property="name" column="name" />
		<result property="appCode" column="app_code" />
		<result property="catalogCode" column="catalog_code" />
		<result property="groupCode" column="group_code" />
		<result property="authorizeCode" column="authorize_code" />
		<result property="remoteFileName" column="remote_file_name" />
		<result property="url" column="url" />
		<result property="type" column="type" />
		<result property="size" column="size" />
		<result property="picDpi" column="pic_dpi" />
		<result property="status" column="status" />
		<result property="isCopy" column="is_copy" />
		<result property="parentId" column="parent_id" />
		<result property="encryptType" column="encrypt_type" />
		<result property="encryptKey" column="encrypt_key" />
		<result property="decryptKey" column="decrypt_key" />
		<result property="authorizeCode" column="authorize_code" />
		<result property="lastAccessTime" column="last_access_time" />
		<result property="isEncrypt" column="is_encrypt" />
		<result property="isAuth" column="is_auth" />
		<result property="createId" column="create_id" />
		<result property="updateId" column="update_id" />
		<result property="createTime" column="create_time" />
		<result property="updateTime" column="update_time" />
	</resultMap>
	<insert id="saveFileInfo" parameterType="FileInfoVo" useGeneratedKeys="true" keyProperty="id">
		insert into file_info(app_code,catalog_code,group_code,name,remote_file_name,url,type,size,pic_dpi,status,is_copy,parent_id,encrypt_type,encrypt_key,decrypt_key,authorize_code,is_encrypt,is_auth,create_id,create_time)
		values(#{appCode},#{catalogCode},#{groupCode},#{name},#{remoteFileName},#{url},#{type},#{size},#{picDpi},#{status},#{isCopy},#{parentId},#{encryptType},#{encryptKey},#{decryptKey},#{authorizeCode},#{isEncrypt},#{isAuth},#{createId},now())
	<selectKey resultType="java.lang.Long" order="AFTER" keyProperty="id"> 
	SELECT LAST_INSERT_ID() 
	</selectKey> 	
   </insert>
   <select id="getFileInfoByUrl" parameterType="FileInfoVo" resultMap="fileInfoMap">
      select id,is_encrypt,is_auth,app_code,catalog_code,group_code,name,remote_file_name,url,type,size,pic_dpi,is_copy,encrypt_type,encrypt_key,decrypt_key,parent_id,`status`,authorize_code,last_access_time from file_info 
      where `status`=0 and app_code=#{appCode}
      and url=#{url}
   </select>
   <update id="deleteFileByUrl" parameterType="FileInfoVo" >
      update file_info set `status`=2,update_time=now() where  status=0  and url=#{url}
   </update>
    <select id="qryAllFiles" parameterType="FileInfoVo" resultMap="fileInfoMap">
      select id,is_encrypt,is_auth,app_code,catalog_code,group_code,name,remote_file_name,url,type,size,pic_dpi,is_copy,encrypt_type,encrypt_key,decrypt_key,parent_id,status,authorize_code,last_access_time,create_time from file_info 
      where 1=1 
        <if test="status==null">
       and  status=0 
       </if>
       <if test="status!=null">
      and status=#{status} 
       </if>
        <if test="appCode!=null">
       and app_code=#{appCode} 
       </if>
        <if test="groupCode!=null">
       and group_code=#{groupCode} 
       </if>
        <if test="catalogCode!=null">
       and catalog_code=#{catalogCode} 
       </if>
        <if test="name!=null">
       and name like concat('%',#{name},'%')
       </if>
       order by create_time desc
   </select>
       <select id="qryAllFilesCount" parameterType="FileInfoVo" resultType="int">
      select count(1) from file_info 
      where 1=1 
        <if test="status==null">
       and  status=0 
       </if>
       <if test="status!=null">
      and status=#{status} 
       </if>
        <if test="appCode!=null">
       and app_code=#{appCode} 
       </if>
        <if test="groupCode!=null">
       and group_code=#{groupCode} 
       </if>
        <if test="catalogCode!=null">
       and catalog_code=#{catalogCode} 
       </if>
        <if test="name!=null">
       and name like concat('%',#{name},'%')
       </if>
   </select>
      <update id="updateFileStatusById" parameterType="FileInfoVo" >
      update file_info set status=#{status},update_time=now(),update_id=#{updateId} where  status=0  and id=#{id}
   </update>
    <select id="getFileInfoById" parameterType="FileInfoVo" resultMap="fileInfoMap">
      select id,is_encrypt,is_auth,app_code,catalog_code,group_code,name,remote_file_name,url,type,size,pic_dpi,is_copy,encrypt_type,encrypt_key,decrypt_key,parent_id,`status`,authorize_code,last_access_time from file_info 
      where id=#{id}
   </select>
   <update id="updateFileLastAccessTimeById" parameterType="FileInfoVo" >
      update file_info set last_access_time=now(),update_time=now(),update_id=#{updateId} where  id=#{id}
   </update>
</mapper>