<?xml version="1.0" encoding="UTF-8" ?>
<!DOCTYPE mapper PUBLIC "-//mybatis.org//DTD Mapper 3.0//EN" "http://mybatis.org/dtd/mybatis-3-mapper.dtd">
<mapper namespace="app">
 <resultMap id="appInfoMap" type="AppInfoVo">
		<result property="id" column="id" />
		<result property="code" column="code" />
		<result property="name" column="name" />
		<result property="createId" column="create_id" />
		<result property="updateId" column="update_id" />
		<result property="isDeleted" column="is_deleted" />
		<result property="createTime" column="create_time" />
		<result property="updateTime" column="update_time" />
	</resultMap>
	<select id="qryAllAppInfos" parameterType="AppInfoVo" resultMap="appInfoMap">
	select id,code,name from app_info where is_deleted=0  
	<if test="name!=null">
	and name like concat('%',#{name},'%')
	</if>
	 order by name
	</select>
	<select id="qryAllAppInfosCount" parameterType="AppInfoVo" resultType="int">
     select count(*) from app_info where is_deleted=0 
     <if test="name!=null">
	and name like concat('%',#{name},'%')
	</if>
	</select>
	<insert id="addAppInfo" parameterType="AppInfoVo">
	insert into app_info(code,name,is_deleted,create_id,create_time) values(#{code},#{name},0,#{createId},now());
	</insert>
	<update id="updateAppInfoById" parameterType="AppInfoVo">
   update app_info set name=#{name},code=#{code},update_id=#{updateId},update_time=now() where is_deleted=0 and id=#{id}
   </update>
   	<update id="deleteAppInfoById" parameterType="AppInfoVo">
    update app_info set is_deleted=1,update_id=#{updateId},update_time=now() where is_deleted=0 and id=#{id}   
    </update>
</mapper>