<?xml version="1.0" encoding="UTF-8" ?>
<!DOCTYPE mapper PUBLIC "-//mybatis.org//DTD Mapper 3.0//EN" "http://mybatis.org/dtd/mybatis-3-mapper.dtd">
<mapper namespace="catalog">
 <resultMap id="catalogMap" type="FileCataLogVo">
        <result property="parentId" column="parent_id" />
		<result property="id" column="id" />
		<result property="appCode" column="app_code" />
		<result property="code" column="code" />
		<result property="name" column="name" />
		<result property="picRatio" column="pic_ratio" />
		<result property="isPublic" column="is_public" />
		<result property="createId" column="create_id" />
		<result property="updateId" column="update_id" />
		<result property="isDeleted" column="is_deleted" />
		<result property="createTime" column="create_time" />
		<result property="updateTime" column="update_time" />
	</resultMap>
	<select id="qryAllCatalogs" parameterType="FileCataLogVo" resultMap="catalogMap">
	select id,code,name,app_code,parent_id,is_public,pic_ratio from file_catalog where is_deleted=0
	<if test="name!=null">
	and name like concat('%',#{name},'%')
	</if>
	 order by name
	</select>
	<select id="qryAllCatalogsCount" parameterType="FileCataLogVo" resultType="int">
   select count(*) from file_catalog where is_deleted=0
     <if test="name!=null">
	and name like concat('%',#{name},'%')
	</if>
	</select>
	<insert id="addCatalog" parameterType="FileCataLogVo">
	insert into file_catalog(code,name,app_code,parent_id,is_public,is_deleted,create_id,create_time,pic_ratio) values(#{code},#{name},#{appCode},#{parentId},#{isPublic},0,#{createId},now(),#{picRatio});
	</insert>
	<update id="updateCatalogById" parameterType="FileCataLogVo">
   update file_catalog set name=#{name},code=#{code},app_code=#{appCode},parent_id=#{parentId},is_public=#{isPublic},update_id=#{updateId},update_time=now(),pic_ratio=#{picRatio} where is_deleted=0 and id=#{id}
   </update>
   	<update id="deleteCatalogById" parameterType="FileCataLogVo">
    update file_catalog set is_deleted=1,update_id=#{updateId},update_time=now() where is_deleted=0 and id=#{id}   
    </update>
    <select id="getParentCatalogs" parameterType="FileCataLogVo" resultMap="catalogMap">
     select id,name,code from file_catalog where is_deleted=0 and app_code=#{appCode}  
     <if test="id!=null">
     and id!=#{id}
     </if>
     order by app_code
	</select>
</mapper>