<?xml version="1.0" encoding="UTF-8" ?>
<!DOCTYPE mapper PUBLIC "-//mybatis.org//DTD Mapper 3.0//EN" "http://mybatis.org/dtd/mybatis-3-mapper.dtd">
<mapper namespace="group">
 <resultMap id="groupMap" type="FileGroupVo">
		<result property="id" column="id" />
		<result property="code" column="code" />
		<result property="appCode" column="app_code" />
		<result property="createId" column="create_id" />
		<result property="updateId" column="update_id" />
		<result property="isDeleted" column="is_deleted" />
		<result property="createTime" column="create_time" />
		<result property="updateTime" column="update_time" />
	</resultMap>
	<select id="qryAllGroupInfos" parameterType="FileGroupVo" resultMap="groupMap">
	select id,code,app_code from file_group where is_deleted=0  
	<if test="code!=null">
	and (code like concat('%',#{code},'%') or app_code like concat('%',#{code},'%'))
	</if>
	 order by code
	</select>
	<select id="qryAllGroupInfosCount" parameterType="FileGroupVo" resultType="int">
     select count(*) from file_group where is_deleted=0  
	<if test="code!=null">
    and (code like concat('%',#{code},'%') or app_code like concat('%',#{code},'%'))
	</if>
	</select>
	<insert id="addGroupInfo" parameterType="FileGroupVo">
	insert into file_group(code,app_code,is_deleted,create_id,create_time) values(#{code},#{appCode},0,#{createId},now());
	</insert>
	<update id="updateGroupInfoById" parameterType="FileGroupVo">
   update file_group set app_code=#{appCode},code=#{code},update_id=#{updateId},update_time=now() where is_deleted=0 and id=#{id}
   </update>
   	<update id="deleteGroupInfoById" parameterType="FileGroupVo">
    update file_group set is_deleted=1,update_id=#{updateId},update_time=now() where is_deleted=0 and id=#{id}   
    </update>
    <select id="getGroupCodesByAppCode" parameterType="java.lang.String" resultType="java.lang.String">
    select code from file_group where app_code=#{appCode} and is_deleted=0
	</select>
</mapper>