<?xml version="1.0" encoding="UTF-8" ?>
<!DOCTYPE configuration PUBLIC "-//mybatis.org//DTD Config 3.0//EN" "http://mybatis.org/dtd/mybatis-3-config.dtd">
<configuration>
	<properties>
		<property name="dialect" value="mysql" /> <!-- 用于分页插件，可选值两个：oracle 与  mysql -->
	</properties>
	<settings>
		<setting name="cacheEnabled" value="false" />
        <setting name="jdbcTypeForNull" value="NULL"/>  
	</settings>
	<!-- SqlMapConfig -->
	<typeAliases>
	<package name="com.zallds.arch.file.admin.vo"/>
	<package name="com.zallds.arch.file.client.vo"/>
	</typeAliases>
</configuration>