<beans xmlns="http://www.springframework.org/schema/beans"
	xmlns:xsi="http://www.w3.org/2001/XMLSchema-instance"
	xsi:schemaLocation="http://www.springframework.org/schema/beans
	http://www.springframework.org/schema/beans/spring-beans-3.2.xsd
	">

	<!-- Redis -->
	<bean id="redisClient" class="com.zallds.architecture.cache.redis3.RedisClient" init-method="init">
		<property name="servers" value="${arch.redis.servers}" />
		<property name="poolMax" value="${arch.redis.poolMax}" />
		<property name="maxSize" value="${arch.redis.maxSize}" />
		<property name="version" value="${arch.redis.version}"/>
<!-- 		<property name="monitorUrl" value="${arch.monitor.url}" />
		<property name="validKeys" value="${arch.monitor.keys.regex}" />
		<property name="prefix" value="${arch.monitor.prefix}" /> -->
	</bean>
	
</beans>