<beans xmlns="http://www.springframework.org/schema/beans"
	xmlns:context="http://www.springframework.org/schema/context"
	xmlns:xsi="http://www.w3.org/2001/XMLSchema-instance"
	xsi:schemaLocation="http://www.springframework.org/schema/beans
	http://www.springframework.org/schema/beans/spring-beans-3.2.xsd
	http://www.springframework.org/schema/context
	http://www.springframework.org/schema/context/spring-context-3.2.xsd
	">

	<context:component-scan
		base-package="com.zallds.architecture.portal.controller,com.zallds.architecture.portal.service" />
	
	<bean id="sessionWrapperFilter" class="com.zallds.architecture.portal.filter.RedisSessionFilter">
		<property name="redisClient" ref="redisClient" />
	</bean>
	
	<bean id="loginCheckFilter" class="com.zallds.architecture.portal.filter.LoginCheckFilter">
		<property name="unlimitedUrls">
			<list>
				<value>/login.jsp</value>
				<value>/login/keyword.do</value>
				<value>/login/checkAuth.do</value>
				<value>/login/logout.do</value>
				<value>/login/login.do</value>
				<value>/getCheckInfo.do</value>
				<value>/login/checkKeyword.do</value>
				<value>/appInfo/qryAppRoles.do</value>
				<value>/appInfo/qryRoleModules.do</value>
				<value>/appInfo/qryAppSelfModules.do</value>
				
				<value>/jsp/login.jsp</value>
				<!-- <value>/jsp/reload.jsp</value> -->
				<value>*.jpg</value>
				<value>*.png</value>
				<value>*.gif</value>
				<value>*.css</value>
				<value>*.js</value>
				<value>/download.do</value>
				<value>/uploadFile.do</value>
				
			</list>
		</property>
		<property name="defaultUrl" value="${site.default}"/>
	</bean>
	
    <bean id="applicationInfoQryService" class="com.zallds.architecture.portal.service.impl.AppInfoQryServiceImpl"/>

</beans>