<?xml version="1.0" encoding="UTF-8"?>
<beans xmlns="http://www.springframework.org/schema/beans"
	xmlns:xsi="http://www.w3.org/2001/XMLSchema-instance"
	xmlns:security="http://www.springframework.org/schema/security"
	xmlns:mvc="http://www.springframework.org/schema/mvc"
	xmlns:context="http://www.springframework.org/schema/context"
	xsi:schemaLocation="http://www.springframework.org/schema/beans
http://www.springframework.org/schema/beans/spring-beans-3.2.xsd
http://www.springframework.org/schema/context
http://www.springframework.org/schema/context/spring-context-3.2.xsd
http://www.springframework.org/schema/security
http://www.springframework.org/schema/security/spring-security-3.2.xsd
http://www.springframework.org/schema/mvc
http://www.springframework.org/schema/mvc/spring-mvc-3.2.xsd
">

	<bean id="viewResolver"
		class="org.springframework.web.servlet.view.InternalResourceViewResolver">
		<property name="prefix" value="/jsp/" />
		<property name="suffix" value=".jsp" />
	</bean>
	
	<bean id="multipartResolver"
		class="org.springframework.web.multipart.commons.CommonsMultipartResolver" />

	<security:global-method-security
		jsr250-annotations="enabled" secured-annotations="enabled" />
	
	 <!-- 
	<mvc:annotation-driven />
	<mvc:interceptors>
		<mvc:interceptor>
			<mvc:mapping path="/**" />
			
			<mvc:exclude-mapping path="/login.jsp" />
			<mvc:exclude-mapping path="/login/keyword.do" />
			<mvc:exclude-mapping path="/login/checkAuth.do" />
			<mvc:exclude-mapping path="/login/logout.do" />
			<mvc:exclude-mapping path="/login/login.do" />
			<mvc:exclude-mapping path="/getCheckInfo.do" />
			<mvc:exclude-mapping path="/login/checkKeyword.do" />
			<mvc:exclude-mapping path="/appInfo/qryAppRoles.do" />
			<mvc:exclude-mapping path="/appInfo/qryRoleModules.do" />
			<mvc:exclude-mapping path="/appInfo/qryAppSelfModules.do" />
			
			<bean class="com.zallds.architecture.config.server.interceptor.ConfigAuthenticationInterceptor"></bean>
		</mvc:interceptor>
	</mvc:interceptors>
	 -->
</beans>
