<?xml version="1.0" encoding="UTF-8"?>
<beans:beans xmlns="http://www.springframework.org/schema/security"
	xmlns:beans="http://www.springframework.org/schema/beans" xmlns:xsi="http://www.w3.org/2001/XMLSchema-instance"
	xsi:schemaLocation="http://www.springframework.org/schema/beans
           http://www.springframework.org/schema/beans/spring-beans-3.2.xsd
           http://www.springframework.org/schema/security
           http://www.springframework.org/schema/security/spring-security-3.2.xsd">

	<http pattern="/jsp/login.jsp" security="none" />
	<!-- <http pattern="/jsp/reload.jsp" security="none" /> -->
	<http pattern="*.jpg" security="none" />
	<http pattern="*.png" security="none" />
	<http pattern="*.gif" security="none" />
	<http pattern="*.css" security="none" />
	<http pattern="*.js" security="none" />
	<http pattern="/download.do" security="none" />
	<http pattern="/uploadFile.do" security="none" />
	<http pattern="/getCheckInfo.do" security="none" />
	
	<http pattern="/appInfo/qryAppRoles.do" security="none" />
	<http pattern="/appInfo/qryRoleModules.do" security="none" />
	<http pattern="/appInfo/qryAppSelfModules.do" security="none" />
	
	<http use-expressions="true" auto-config="true">
		<intercept-url pattern="/**/*.jsp" access="hasRole('BASIC')"/>
		<intercept-url pattern="/**/*.do*" access="hasRole('BASIC')"/>
		<!-- <form-login login-page="/jsp/reload.jsp" default-target-url="/home.do" />
		<logout />
		<session-management invalid-session-url="/jsp/reload.jsp">
			<concurrency-control max-sessions="10" error-if-maximum-exceeded="true" />
		</session-management>
		<custom-filter before="FORM_LOGIN_FILTER" ref="authenticationFilter" /> -->
		<custom-filter before="FILTER_SECURITY_INTERCEPTOR" ref="configFilter" />
	</http>

<!-- 	<beans:bean id="authenticationFilter"
		class="com.zallds.architecture.config.server.security.UserAuthenticationFilter">
		<beans:property name="authenticationManager" ref="configAuthenticationManager" />
		<beans:property name="authenticationSuccessHandler" ref="loginLogAuthenticationSuccessHandler" />
		<beans:property name="authenticationFailureHandler" ref="simpleUrlAuthenticationFailureHandler" />
		<beans:property name="ldapServer" value="${ldap.server}" />
		<beans:property name="configDao" ref="configDao" />
	</beans:bean> -->
	
	<beans:bean id="configFilter"
		class="com.zallds.architecture.config.server.security.ConfigSecurityInterceptor">
		<beans:property name="authenticationManager" ref="configAuthenticationManager" />
		<beans:property name="accessDecisionManager" ref="configAccessDecisionManagerBean" />
		<beans:property name="securityMetadataSource" ref="configInvocationSecurityMetadataSource" />
	</beans:bean>
	
	<authentication-manager alias="configAuthenticationManager">
		<authentication-provider ref="authenticationProvider" />
	</authentication-manager>

	<beans:bean id="authenticationProvider"
		class="org.springframework.security.authentication.dao.DaoAuthenticationProvider">
		<beans:property name="userDetailsService" ref="configUserDetailService" />
		<beans:property name="hideUserNotFoundExceptions" value="false" />
		<beans:property name="passwordEncoder" ref="nullPasswordEncoder"></beans:property>
	</beans:bean>
	
	<beans:bean id="nullPasswordEncoder" class="com.zallds.architecture.config.server.security.NullPasswordEncoder"></beans:bean>
	
	<beans:bean id="configUserDetailService"
		class="com.zallds.architecture.config.server.security.ConfigUserDetailService">
		<beans:property name="configDao" ref="configDao" />
		<beans:property name="defaultAuthConfig" value="${auth.default}" />
	</beans:bean>
	
	<beans:bean id="loginLogAuthenticationSuccessHandler"
		class="org.springframework.security.web.authentication.SavedRequestAwareAuthenticationSuccessHandler">
		<beans:property name="defaultTargetUrl" value="/home.do" />
	</beans:bean>
	
	<beans:bean id="simpleUrlAuthenticationFailureHandler"
		class="org.springframework.security.web.authentication.SimpleUrlAuthenticationFailureHandler">
		<beans:property name="defaultFailureUrl" value="${site.root}" />
	</beans:bean>
	
	<beans:bean id="configAccessDecisionManagerBean"
		class="com.zallds.architecture.config.server.security.ConfigAccessDecisionManager">
	</beans:bean>
	
	<beans:bean id="configInvocationSecurityMetadataSource"
		class="com.zallds.architecture.config.server.security.ConfigInvocationSecurityMetadataSource">
		<beans:property name="configDao" ref="configDao" />
	</beans:bean>
</beans:beans>
