<?xml version="1.0" encoding="UTF-8"?>
<beans xmlns="http://www.springframework.org/schema/beans"
	xmlns:xsi="http://www.w3.org/2001/XMLSchema-instance" xmlns:p="http://www.springframework.org/schema/p"
	xmlns:aop="http://www.springframework.org/schema/aop" xmlns:context="http://www.springframework.org/schema/context"
	xsi:schemaLocation="
        http://www.springframework.org/schema/beans 
        http://www.springframework.org/schema/beans/spring-beans-3.2.xsd
        http://www.springframework.org/schema/aop 
        http://www.springframework.org/schema/aop/spring-aop-3.2.xsd
        http://www.springframework.org/schema/context 
        http://www.springframework.org/schema/context/spring-context-3.2.xsd"
	default-autowire="byName">

	<aop:aspectj-autoproxy />
 	<bean id="propertyConfigurer"
		class="org.springframework.beans.factory.config.PropertyPlaceholderConfigurer">
		<property name="locations">
			<list>
				<value>file:${global.config.path}/config-server/jdbc.properties</value>
				<value>file:${global.config.path}/config-server/system.properties</value>
			</list>
		</property>
		<property name="fileEncoding" value="UTF-8"/>
	</bean>
	<bean id="dataSource" class="org.apache.commons.dbcp.BasicDataSource"
		destroy-method="close">
		<property name="driverClassName" value="com.mysql.jdbc.Driver" />
		<property name="url" value="${jdbc.url}" />
		<property name="username" value="${jdbc.user}" />
		<property name="password" value="${jdbc.password}" />
		<property name="initialSize" value="${jdbc.initialSize}" />
		<property name="maxActive" value="${jdbc.maxActive}" />
		<property name="maxIdle" value="${jdbc.maxIdle}" />
		<property name="maxWait" value="${jdbc.maxWait}" />
		<property name="poolPreparedStatements" value="${jdbc.poolPreparedStatements}" />
		<property name="removeAbandoned" value="true" />
		<property name="removeAbandonedTimeout" value="300" />
		<property name="testOnBorrow" value="true" />
		<property name="testOnReturn" value="false" />
		<property name="testWhileIdle" value="true" />
		<property name="validationQuery" value="select 1" />
		<property name="validationQueryTimeout" value="2" />
	</bean>

    
    <bean id="sqlSessionFactory" class="org.mybatis.spring.SqlSessionFactoryBean">
		 <property name="dataSource" ref="dataSource" />
		 <property name="configLocation" value="classpath:mybatis/healthcheck.xml" />
		 <property name="mapperLocations" value="classpath:mybatis/mapper/*.xml"/>
	</bean>

	
 	
 	<bean id="sqlSession" class="org.mybatis.spring.SqlSessionTemplate">
 		<constructor-arg index="0" ref="sqlSessionFactory" />
 	</bean>
 	<bean id="configDao" class="com.zallds.architecture.config.server.dao.impl.ConfigDaoImpl">
 		<!--注入SqlSessionTemplate实例 -->
		<property name="sqlSessionTemplate" ref="sqlSession" />
  		<!--也可直接注入SqlSessionFactory实例，二者都指定时，SqlSessionFactory失效 -->
 		<!-- <property name="sqlSessionFactory" ref="sqlSessionFactory" /> -->
 	</bean>
 
 	<bean id="downloadTools" class="com.zallds.architecture.config.server.utils.DownloadTools">
 		<property name="workDir" value="${download.workdir}" />
 	</bean>
 	
 	<bean id="healthCheck" class="com.zallds.architecture.healthcheck.HealthCheckController">
	</bean>
	
	<bean
		class="org.springframework.web.servlet.mvc.annotation.DefaultAnnotationHandlerMapping" />
	<bean
		class="org.springframework.web.servlet.mvc.annotation.AnnotationMethodHandlerAdapter" />

	<context:component-scan 
		base-package="com.zallds.architecture.config.server.controller,com.zallds.architecture.config.server.service" />

</beans>
